FlightCode,PlaneSize,IsInternational,ArrivalMinute,DepartureMinute,PassengerCount,Transfers
LY-001,SMALL_BODY,true,360,403,140,UA-237:10
LY-002,SMALL_BODY,false,360,399,127,LH-236:1
UA-003,JUMBO_BODY,true,389,460,363,
DL-004,SMALL_BODY,false,360,399,132,
LH-005,LARGE_BODY,false,377,430,164,
DL-006,SMALL_BODY,false,381,421,128,LY-108:5
UA-007,LARGE_BODY,true,372,432,190,BA-148:12;LH-078:12
LY-008,SMALL_BODY,true,408,445,52,LH-029:18
BA-009,SMALL_BODY,false,370,407,70,
UA-010,LARGE_BODY,false,407,462,150,
BA-011,SMALL_BODY,true,378,420,119,
DL-012,SMALL_BODY,false,409,453,54,
UA-013,SMALL_BODY,false,384,424,147,BA-166:19
UA-014,LARGE_BODY,true,400,457,150,
DL-015,SMALL_BODY,true,422,466,60,UA-119:20
UA-016,JUMBO_BODY,true,409,488,480,
LH-017,SMALL_BODY,false,437,481,102,
LH-018,SMALL_BODY,false,422,458,120,
LY-019,SMALL_BODY,true,447,484,73,
UA-020,JUMBO_BODY,true,427,501,285,
UA-021,SMALL_BODY,false,449,485,122,
UA-022,JUMBO_BODY,true,433,505,429,LH-029:10
BA-023,LARGE_BODY,false,433,483,239,LY-026:3
LY-024,LARGE_BODY,false,433,491,162,
UA-025,LARGE_BODY,false,467,522,270,LH-226:11;UA-058:8
LY-026,SMALL_BODY,false,444,483,55,
DL-027,SMALL_BODY,false,444,487,86,
BA-028,JUMBO_BODY,true,449,521,319,LY-061:10
LH-029,SMALL_BODY,false,463,503,85,UA-246:13;LY-109:4;DL-214:15
DL-030,JUMBO_BODY,true,493,563,420,
UA-031,SMALL_BODY,false,499,536,63,
DL-032,LARGE_BODY,true,498,548,214,BA-212:15
UA-033,SMALL_BODY,true,508,545,69,UA-058:13;LY-077:13
UA-034,SMALL_BODY,false,509,545,109,
UA-035,SMALL_BODY,true,503,539,61,
LH-036,JUMBO_BODY,true,505,583,471,
BA-037,SMALL_BODY,false,511,550,126,
UA-038,SMALL_BODY,false,499,541,121,UA-056:9;LY-086:10;LH-029:6
DL-039,JUMBO_BODY,true,505,580,454,
BA-040,SMALL_BODY,true,513,550,121,DL-027:13;UA-033:10
UA-041,JUMBO_BODY,true,521,598,462,
BA-042,LARGE_BODY,true,514,569,201,UA-038:15;BA-150:5
BA-043,LARGE_BODY,false,516,567,262,LY-213:9;UA-013:6
BA-044,JUMBO_BODY,true,519,593,291,
DL-045,SMALL_BODY,true,555,599,77,
DL-046,SMALL_BODY,true,562,607,103,LY-001:20;LH-087:11;DL-027:10
UA-047,SMALL_BODY,false,523,566,77,UA-141:8;LH-017:4
BA-048,SMALL_BODY,true,555,595,55,
LY-049,SMALL_BODY,false,570,610,126,LH-017:6;DL-169:20;LY-096:5
DL-050,LARGE_BODY,false,541,599,257,
UA-051,JUMBO_BODY,true,558,631,437,
LY-052,SMALL_BODY,false,553,594,56,
BA-053,SMALL_BODY,false,593,635,120,LY-191:16
DL-054,SMALL_BODY,false,568,606,73,LY-191:1
LH-055,SMALL_BODY,false,591,634,82,
UA-056,SMALL_BODY,false,583,622,139,
LY-057,JUMBO_BODY,true,565,635,361,UA-094:20;LY-197:19;DL-201:1
UA-058,SMALL_BODY,false,578,622,95,DL-250:15;BA-115:9
LH-059,SMALL_BODY,true,603,647,150,LH-125:2;UA-195:15
UA-060,JUMBO_BODY,true,595,668,356,BA-076:4
LY-061,SMALL_BODY,false,606,648,124,
LY-062,SMALL_BODY,false,592,636,138,LH-018:14;DL-039:5
LY-063,LARGE_BODY,true,631,687,251,
LY-064,JUMBO_BODY,true,628,703,387,
LY-065,SMALL_BODY,false,609,645,76,LH-236:2
LY-066,SMALL_BODY,false,615,652,119,UA-013:3
BA-067,SMALL_BODY,true,627,664,127,DL-102:12;UA-003:7
BA-068,JUMBO_BODY,true,657,736,329,LH-160:11
LH-069,LARGE_BODY,true,652,710,210,LH-210:16;LY-113:2
LY-070,JUMBO_BODY,true,649,721,454,UA-041:15;BA-037:14;UA-179:18
UA-071,JUMBO_BODY,true,635,711,328,UA-171:10
BA-072,LARGE_BODY,true,667,721,252,BA-111:15;DL-046:6
UA-073,SMALL_BODY,false,677,715,63,
LY-074,SMALL_BODY,false,668,707,103,UA-051:16;LH-230:8;BA-128:6
LH-075,SMALL_BODY,false,663,708,146,
BA-076,SMALL_BODY,false,676,717,131,
LY-077,SMALL_BODY,true,676,721,79,LY-175:4;UA-007:20
LH-078,SMALL_BODY,false,663,708,99,
UA-079,LARGE_BODY,false,702,753,247,
UA-080,SMALL_BODY,false,695,738,71,
UA-081,LARGE_BODY,false,678,728,178,
LH-082,SMALL_BODY,true,696,733,56,
LH-083,SMALL_BODY,true,706,750,84,
BA-084,LARGE_BODY,true,691,749,150,
UA-085,SMALL_BODY,false,691,734,104,UA-034:11;DL-194:16
LY-086,JUMBO_BODY,true,696,776,372,UA-114:7;DL-015:13;DL-006:2
LH-087,LARGE_BODY,false,727,786,195,LY-065:13
BA-088,SMALL_BODY,true,701,746,126,
DL-089,LARGE_BODY,true,724,774,200,
LH-090,LARGE_BODY,true,733,791,159,
DL-091,SMALL_BODY,true,738,774,90,DL-006:15;LY-063:15;LH-069:10
DL-092,SMALL_BODY,true,738,773,148,DL-172:6;LH-161:5
LH-093,LARGE_BODY,false,727,785,239,
UA-094,SMALL_BODY,false,741,784,73,
LH-095,SMALL_BODY,true,767,803,80,DL-206:15;UA-119:7;LH-226:17
LY-096,JUMBO_BODY,true,742,822,376,
LH-097,LARGE_BODY,false,747,801,159,LY-099:14
LY-098,JUMBO_BODY,true,772,850,404,LY-001:10
LY-099,LARGE_BODY,true,770,822,190,
BA-100,LARGE_BODY,false,772,824,248,
LY-101,SMALL_BODY,false,772,817,52,
DL-102,SMALL_BODY,false,792,836,101,UA-022:1
BA-103,LARGE_BODY,true,788,841,177,BA-174:4
DL-104,SMALL_BODY,false,790,825,106,
BA-105,JUMBO_BODY,true,781,855,321,
BA-106,LARGE_BODY,false,798,849,276,
LH-107,SMALL_BODY,false,797,833,121,LH-133:17
LY-108,JUMBO_BODY,true,797,874,489,
LY-109,SMALL_BODY,false,809,848,63,BA-037:18;BA-239:4
LY-110,JUMBO_BODY,true,826,901,387,
BA-111,JUMBO_BODY,true,791,869,472,
UA-112,LARGE_BODY,false,809,862,157,
LY-113,SMALL_BODY,false,807,847,126,BA-040:17;DL-217:8;BA-193:9
UA-114,LARGE_BODY,true,820,873,262,LH-236:13;LH-055:10;LY-213:12
BA-115,SMALL_BODY,false,845,884,55,LY-235:16;LY-074:11
DL-116,LARGE_BODY,true,849,904,217,LY-024:12;BA-037:19;UA-020:14
LH-117,LARGE_BODY,false,826,884,178,
DL-118,JUMBO_BODY,true,832,906,297,LY-113:13;BA-233:12;BA-023:5
UA-119,SMALL_BODY,false,838,882,127,
LY-120,LARGE_BODY,true,839,895,196,
LY-121,SMALL_BODY,false,840,877,105,
DL-122,LARGE_BODY,false,835,891,271,BA-144:3;LY-178:20;BA-044:17
UA-123,LARGE_BODY,false,839,890,181,
BA-124,SMALL_BODY,false,856,899,90,
LH-125,SMALL_BODY,true,862,905,115,
LH-126,SMALL_BODY,false,859,895,62,
BA-127,LARGE_BODY,true,890,945,164,LY-178:19;LH-210:4
BA-128,SMALL_BODY,true,886,924,58,LH-036:19;UA-135:4
LY-129,SMALL_BODY,false,897,938,68,
LY-130,LARGE_BODY,true,903,954,158,LH-156:11
BA-131,LARGE_BODY,false,893,953,178,
BA-132,SMALL_BODY,false,896,932,104,DL-089:17
LH-133,LARGE_BODY,true,887,942,180,
LH-134,LARGE_BODY,false,900,958,199,BA-072:6;BA-100:7;BA-242:18
UA-135,SMALL_BODY,true,894,938,112,
DL-136,SMALL_BODY,false,927,963,93,
BA-137,SMALL_BODY,false,894,930,134,
LH-138,JUMBO_BODY,true,896,969,401,BA-233:1;BA-040:10;UA-135:15
DL-139,SMALL_BODY,false,924,961,116,
UA-140,LARGE_BODY,false,951,1006,257,DL-201:12;DL-091:14;LH-018:2
UA-141,LARGE_BODY,true,932,986,164,LH-187:2;BA-144:14
LY-142,LARGE_BODY,true,924,984,204,
UA-143,SMALL_BODY,false,932,967,93,LY-108:9
BA-144,SMALL_BODY,true,954,995,122,UA-058:7;BA-205:4
UA-145,LARGE_BODY,true,925,984,216,
LH-146,SMALL_BODY,true,949,992,134,DL-030:5;LH-095:7
UA-147,SMALL_BODY,true,974,1018,77,
BA-148,JUMBO_BODY,true,953,1030,350,LH-005:19
LH-149,LARGE_BODY,false,957,1016,225,
BA-150,SMALL_BODY,false,948,991,110,
LH-151,LARGE_BODY,true,955,1013,217,
LH-152,JUMBO_BODY,true,977,1053,462,DL-004:3;UA-198:8;LY-180:8
BA-153,SMALL_BODY,true,994,1037,86,DL-116:9
LY-154,JUMBO_BODY,true,959,1029,393,
LH-155,LARGE_BODY,true,971,1025,205,
LH-156,LARGE_BODY,true,985,1036,272,UA-013:17;BA-157:20;UA-192:16
BA-157,SMALL_BODY,true,1013,1049,65,UA-003:3;LY-057:9;BA-068:9
LH-158,SMALL_BODY,false,1007,1042,51,UA-185:18
DL-159,LARGE_BODY,false,994,1045,200,
LH-160,LARGE_BODY,false,1019,1079,168,BA-153:3;LH-095:5
LH-161,SMALL_BODY,false,1003,1045,73,LH-138:6
DL-162,LARGE_BODY,false,1003,1055,242,
LH-163,JUMBO_BODY,true,1000,1071,464,DL-170:10
UA-164,SMALL_BODY,true,1012,1047,129,LY-183:1;DL-169:8;LY-008:9
LY-165,JUMBO_BODY,true,1022,1098,318,
BA-166,JUMBO_BODY,true,1051,1130,430,DL-189:10
LY-167,SMALL_BODY,false,1034,1076,139,LH-125:7;UA-021:4;UA-035:5
BA-168,JUMBO_BODY,true,1057,1128,326,
DL-169,SMALL_BODY,false,1028,1066,109,LY-064:3;UA-071:1;LH-029:12
DL-170,LARGE_BODY,false,1058,1112,272,LH-018:11;BA-127:17
UA-171,LARGE_BODY,true,1033,1086,232,LY-130:1;LY-026:10;LH-152:13
DL-172,SMALL_BODY,false,1074,1110,61,
BA-173,SMALL_BODY,false,1066,1108,105,UA-058:2;DL-116:16
BA-174,SMALL_BODY,true,1055,1092,146,
LY-175,SMALL_BODY,true,1052,1089,74,
BA-176,LARGE_BODY,false,1061,1119,240,UA-147:14;BA-203:1
DL-177,SMALL_BODY,false,1082,1123,83,
LY-178,SMALL_BODY,false,1066,1103,81,LY-008:15;UA-244:12;BA-225:11
UA-179,JUMBO_BODY,true,1096,1175,461,BA-115:18;UA-021:8;BA-212:18
LY-180,SMALL_BODY,false,1099,1136,54,BA-115:8;LY-101:11;LY-181:10
LY-181,JUMBO_BODY,true,1118,1197,297,LY-235:17;LY-178:9;LY-070:3
BA-182,JUMBO_BODY,true,1080,1152,291,DL-089:11;LY-227:8;LY-178:7
LY-183,SMALL_BODY,false,1101,1140,50,
LY-184,SMALL_BODY,false,1112,1149,143,
UA-185,SMALL_BODY,true,1101,1143,58,BA-028:2;UA-035:17
LY-186,LARGE_BODY,false,1136,1192,174,BA-218:17;UA-207:1
LH-187,LARGE_BODY,false,1097,1148,191,UA-051:8
UA-188,SMALL_BODY,false,1142,1187,70,
DL-189,JUMBO_BODY,true,1114,1186,366,DL-172:9
BA-190,JUMBO_BODY,true,1131,1208,290,LY-154:17
LY-191,SMALL_BODY,true,1135,1178,68,
UA-192,JUMBO_BODY,true,1144,1219,349,LH-097:17
BA-193,LARGE_BODY,true,1140,1197,187,LY-196:2;UA-003:3
DL-194,LARGE_BODY,true,1128,1188,162,
UA-195,LARGE_BODY,false,1131,1187,230,
LY-196,LARGE_BODY,false,1173,1231,181,LY-234:11
LY-197,SMALL_BODY,false,1162,1199,143,LH-210:20
UA-198,SMALL_BODY,false,1155,1190,101,
DL-199,LARGE_BODY,false,1153,1212,208,
DL-200,SMALL_BODY,true,1181,1216,142,LY-049:1
DL-201,SMALL_BODY,true,1182,1217,140,DL-015:13
LY-202,LARGE_BODY,false,1174,1225,194,
BA-203,SMALL_BODY,false,1205,1245,53,
LH-204,SMALL_BODY,true,1174,1212,72,
BA-205,JUMBO_BODY,true,1199,1275,356,
DL-206,LARGE_BODY,false,1207,1266,192,LY-108:8
UA-207,JUMBO_BODY,true,1196,1273,335,
LH-208,LARGE_BODY,false,1206,1266,152,LY-175:13
LY-209,SMALL_BODY,false,1197,1237,73,
LH-210,LARGE_BODY,false,1201,1257,188,
UA-211,SMALL_BODY,false,1230,1267,71,LH-083:10;UA-198:10
BA-212,SMALL_BODY,false,1201,1237,51,
LY-213,LARGE_BODY,false,1240,1299,176,BA-242:3;BA-150:13
DL-214,SMALL_BODY,false,1209,1254,121,BA-053:16
LY-215,SMALL_BODY,false,1256,1291,122,DL-216:11;LH-075:1;LY-110:3
DL-216,SMALL_BODY,false,1256,1294,57,
DL-217,LARGE_BODY,false,1250,1307,153,LY-052:12
BA-218,JUMBO_BODY,true,1223,1302,479,
LY-219,LARGE_BODY,false,1232,1292,251,
LH-220,LARGE_BODY,false,1245,1295,179,BA-182:10
LH-221,LARGE_BODY,true,1254,1305,202,UA-007:19;DL-189:17;LY-077:16
LY-222,SMALL_BODY,true,1253,1295,59,LY-121:10;LY-057:3
BA-223,SMALL_BODY,false,1253,1298,76,
BA-224,SMALL_BODY,false,1282,1325,109,BA-023:5;BA-193:2
BA-225,SMALL_BODY,false,1248,1285,52,
LH-226,SMALL_BODY,true,1263,1303,88,UA-080:12
LY-227,LARGE_BODY,true,1305,1361,238,UA-185:3
LY-228,JUMBO_BODY,true,1285,1361,430,UA-171:5
LH-229,SMALL_BODY,false,1293,1335,120,LY-222:1
LH-230,SMALL_BODY,true,1298,1338,90,BA-212:5
LH-231,LARGE_BODY,true,1295,1345,248,
LY-232,LARGE_BODY,true,1327,1385,273,LH-083:1;BA-148:13;BA-173:3
BA-233,JUMBO_BODY,true,1294,1373,469,LH-107:8;BA-173:17;LY-002:16
LY-234,LARGE_BODY,true,1296,1347,205,
LY-235,SMALL_BODY,true,1330,1367,76,UA-016:12;BA-137:16;LH-160:17
LH-236,JUMBO_BODY,true,1296,1373,332,UA-038:13
UA-237,SMALL_BODY,false,1312,1352,67,LY-096:3
UA-238,JUMBO_BODY,true,1350,1420,451,LY-175:19;LY-062:2;BA-023:4
BA-239,SMALL_BODY,true,1318,1360,116,LH-187:13;BA-009:20;UA-135:3
DL-240,JUMBO_BODY,true,1353,1427,500,UA-058:5
DL-241,LARGE_BODY,false,1318,1369,156,
BA-242,LARGE_BODY,true,1356,1411,211,
BA-243,SMALL_BODY,false,1323,1365,136,
UA-244,JUMBO_BODY,true,1334,1411,498,LY-202:8;LY-202:12
DL-245,SMALL_BODY,false,1351,1394,95,
UA-246,JUMBO_BODY,true,1362,1437,312,LY-183:6;DL-027:2
LH-247,SMALL_BODY,true,1347,1383,147,
DL-248,SMALL_BODY,false,1380,1418,78,LY-130:4;DL-162:20;BA-174:20
BA-249,JUMBO_BODY,true,1380,1451,449,
DL-250,SMALL_BODY,false,1377,1419,63,UA-060:13;LH-090:3;UA-010:3
